GROUP,PACKAGE,CLASS,INSTRUCTION_MISSED,INSTRUCTION_COVERED,BRANCH_MISSED,BRANCH_COVERED,LINE_MISSED,LINE_COVERED,COMPLEXITY_MISSED,COMPLEXITY_COVERED,METHOD_MISSED,METHOD_COVERED
OpenJPA Kernel,org.apache.openjpa.event,DynamicTCPRemoteCommitProvider.TcpAddressesUpdater,183,0,18,0,34,0,13,0,4,0
OpenJPA Kernel,org.apache.openjpa.event,LifecycleEventManager,1079,7,269,0,253,2,163,1,22,1
OpenJPA Kernel,org.apache.openjpa.event,ExceptionOrphanedKeyAction,16,0,0,0,4,0,3,0,3,0
OpenJPA Kernel,org.apache.openjpa.event,RemoteCommitEventManager,322,0,64,0,97,0,51,0,19,0
OpenJPA Kernel,org.apache.openjpa.event,DynamicTCPRemoteCommitProvider,42,0,0,0,14,0,5,0,5,0
OpenJPA Kernel,org.apache.openjpa.event,BrokerFactoryEventManager,29,0,0,0,11,0,3,0,3,0
OpenJPA Kernel,org.apache.openjpa.event,AbstractRemoteCommitProvider,64,0,8,0,16,0,11,0,7,0
OpenJPA Kernel,org.apache.openjpa.event,AbstractTransactionListener,40,0,0,0,20,0,11,0,11,0
OpenJPA Kernel,org.apache.openjpa.event,NoneOrphanedKeyAction,5,0,0,0,2,0,2,0,2,0
OpenJPA Kernel,org.apache.openjpa.event,LogOrphanedKeyAction,116,0,20,0,28,0,20,0,8,0
OpenJPA Kernel,org.apache.openjpa.event,MethodLifecycleCallbacks,241,0,38,0,52,0,31,0,12,0
OpenJPA Kernel,org.apache.openjpa.event,SingleJVMRemoteCommitProvider,39,0,4,0,13,0,6,0,4,0
OpenJPA Kernel,org.apache.openjpa.event,BeanLifecycleCallbacks,127,0,8,0,29,0,11,0,7,0
OpenJPA Kernel,org.apache.openjpa.event,TCPRemoteCommitProvider.TCPPortListener.ReceiveSocketHandler,253,0,30,0,57,0,20,0,5,0
OpenJPA Kernel,org.apache.openjpa.event,AbstractLifecycleListener,76,0,0,0,38,0,20,0,20,0
OpenJPA Kernel,org.apache.openjpa.event,TCPRemoteCommitProvider.HostAddress.SocketPoolableObjectFactory,102,0,4,0,15,0,6,0,4,0
OpenJPA Kernel,org.apache.openjpa.event,TCPRemoteCommitProvider.TCPPortListener,283,0,28,0,77,0,20,0,6,0
OpenJPA Kernel,org.apache.openjpa.event,TCPRemoteCommitProvider.BroadcastQueue,48,0,6,0,15,0,8,0,5,0
OpenJPA Kernel,org.apache.openjpa.event,BrokerFactoryEvent,14,0,0,0,5,0,3,0,3,0
OpenJPA Kernel,org.apache.openjpa.event,RemoteCommitEvent,239,0,36,0,55,0,30,0,12,0
OpenJPA Kernel,org.apache.openjpa.event,JMSRemoteCommitProvider,344,0,38,0,94,0,33,0,14,0
OpenJPA Kernel,org.apache.openjpa.event,TransactionEvent,50,0,8,0,12,0,10,0,6,0
OpenJPA Kernel,org.apache.openjpa.event,TransactionEventManager,150,27,45,3,40,7,31,4,3,4
OpenJPA Kernel,org.apache.openjpa.event,LifecycleEventManager.ListenerList,206,0,30,0,52,0,21,0,6,0
OpenJPA Kernel,org.apache.openjpa.event,TCPRemoteCommitProvider.BroadcastWorkerThread,49,0,6,0,17,0,7,0,4,0
OpenJPA Kernel,org.apache.openjpa.event,TCPRemoteCommitProvider,514,0,36,0,131,0,38,0,20,0
OpenJPA Kernel,org.apache.openjpa.event,LifecycleEvent,114,0,0,0,9,0,5,0,5,0
OpenJPA Kernel,org.apache.openjpa.event,TCPRemoteCommitProvider.HostAddress,325,0,30,0,87,0,28,0,13,0
OpenJPA Kernel,org.apache.openjpa.event,JMSRemoteCommitProvider.new MessageListener() {...},114,0,16,0,27,0,10,0,2,0
OpenJPA Kernel,org.apache.openjpa.instrumentation.jmx,PreparedQueryCacheJMXInstrument,80,0,4,0,23,0,10,0,8,0
OpenJPA Kernel,org.apache.openjpa.instrumentation.jmx,QueryCacheJMXInstrument,83,0,4,0,24,0,10,0,8,0
OpenJPA Kernel,org.apache.openjpa.instrumentation.jmx,DataCacheJMXInstrument,115,0,10,0,32,0,13,0,8,0
OpenJPA Kernel,org.apache.openjpa.instrumentation.jmx,JMXProvider,275,0,34,0,65,0,27,0,10,0
OpenJPA Kernel,org.apache.openjpa.datacache,DataCacheStoreManager.PCDataHolder,9,0,0,0,4,0,1,0,1,0
OpenJPA Kernel,org.apache.openjpa.datacache,ClearableScheduler.Schedule,358,0,30,0,66,0,20,0,5,0
OpenJPA Kernel,org.apache.openjpa.datacache,TypeBasedCacheDistributionPolicy,85,0,14,0,21,0,14,0,7,0
OpenJPA Kernel,org.apache.openjpa.datacache,ExpirationEvent,16,0,0,0,6,0,3,0,3,0
OpenJPA Kernel,org.apache.openjpa.datacache,ClearableScheduler,214,0,20,0,59,0,20,0,10,0
OpenJPA Kernel,org.apache.openjpa.datacache,QueryCacheStoreQuery.QueryCacheExecutor,391,0,28,0,71,0,41,0,27,0
OpenJPA Kernel,org.apache.openjpa.datacache,DataCacheMode,33,0,0,0,6,0,1,0,1,0
OpenJPA Kernel,org.apache.openjpa.datacache,DataCachePCDataGenerator,847,0,8,0,152,0,14,0,10,0
OpenJPA Kernel,org.apache.openjpa.datacache,QueryCacheStoreQuery.CachingResultObjectProvider,334,0,42,0,89,0,34,0,13,0
OpenJPA Kernel,org.apache.openjpa.datacache,DefaultCacheDistributionPolicy,10,0,0,0,5,0,5,0,5,0
OpenJPA Kernel,org.apache.openjpa.datacache,QueryCacheStoreQuery.CachedList,72,0,6,0,17,0,7,0,4,0
OpenJPA Kernel,org.apache.openjpa.datacache,DataCachePCDataImpl,260,0,38,0,72,0,43,0,24,0
OpenJPA Kernel,org.apache.openjpa.datacache,QueryCacheStoreQuery,319,0,44,0,86,0,50,0,27,0
OpenJPA Kernel,org.apache.openjpa.datacache,PartitionedDataCache,291,0,28,0,59,0,25,0,11,0
OpenJPA Kernel,org.apache.openjpa.datacache,QueryCacheStoreQuery.CachedObjectId,6,0,0,0,3,0,1,0,1,0
OpenJPA Kernel,org.apache.openjpa.datacache,DelegatingQueryCache,276,0,38,0,102,0,40,0,21,0
OpenJPA Kernel,org.apache.openjpa.datacache,QueryKey,831,0,127,0,184,0,84,0,20,0
OpenJPA Kernel,org.apache.openjpa.datacache,TypesChangedEvent,10,0,0,0,4,0,2,0,2,0
OpenJPA Kernel,org.apache.openjpa.datacache,DataCacheStoreManager,1738,0,352,0,408,0,201,0,24,0
OpenJPA Kernel,org.apache.openjpa.datacache,AbstractDataCache,996,0,144,0,233,0,127,0,55,0
OpenJPA Kernel,org.apache.openjpa.datacache,ConcurrentDataCache,148,0,6,0,44,0,25,0,22,0
OpenJPA Kernel,org.apache.openjpa.datacache,QueryResult,56,0,6,0,14,0,9,0,6,0
OpenJPA Kernel,org.apache.openjpa.datacache,AbstractQueryCache.Default,367,0,16,0,84,0,34,0,26,0
OpenJPA Kernel,org.apache.openjpa.datacache,CacheStatisticsImpl,333,0,24,0,79,0,46,0,34,0
OpenJPA Kernel,org.apache.openjpa.datacache,DataCacheStoreManager.Modifications,23,0,0,0,5,0,1,0,1,0
OpenJPA Kernel,org.apache.openjpa.datacache,AbstractQueryCache,636,0,104,0,175,0,85,0,33,0
OpenJPA Kernel,org.apache.openjpa.datacache,ConcurrentQueryCache,125,0,4,0,37,0,22,0,20,0
OpenJPA Kernel,org.apache.openjpa.datacache,Caches,52,0,8,0,14,0,6,0,2,0
OpenJPA Kernel,org.apache.openjpa.datacache,DelegatingDataCache,525,0,72,0,191,0,74,0,38,0
OpenJPA Kernel,org.apache.openjpa.datacache,ConcurrentDataCache.new CacheMap() {...},13,0,0,0,3,0,2,0,2,0
OpenJPA Kernel,org.apache.openjpa.datacache,AbstractQueryCache.EvictPolicy,15,0,0,0,1,0,1,0,1,0
OpenJPA Kernel,org.apache.openjpa.datacache,DataCacheManagerImpl,350,0,50,0,82,0,43,0,18,0
OpenJPA Kernel,org.apache.openjpa.enhance,RedefinitionHelper.new InvocationHandler() {...},20,0,0,0,3,0,2,0,2,0
OpenJPA Kernel,org.apache.openjpa.enhance,ReflectingPersistenceCapable,730,0,86,0,171,0,88,0,37,0
OpenJPA Kernel,org.apache.openjpa.enhance,PCClassFileTransformer,348,0,50,0,87,0,34,0,9,0
OpenJPA Kernel,org.apache.openjpa.enhance,PCClassFileTransformer.EnhancedStatusException,6,0,0,0,3,0,1,0,1,0
OpenJPA Kernel,org.apache.openjpa.enhance,PCEnhancer.Flags,15,0,0,0,5,0,1,0,1,0
OpenJPA Kernel,org.apache.openjpa.enhance,ManagedClassSubclasser,593,0,100,0,133,0,61,0,11,0
OpenJPA Kernel,org.apache.openjpa.enhance,PCRegistry,199,99,24,6,48,21,28,7,14,6
OpenJPA Kernel,org.apache.openjpa.enhance,InstrumentationFactory,431,0,64,0,117,0,44,0,12,0
OpenJPA Kernel,org.apache.openjpa.enhance,InstrumentationFactory.new PrivilegedAction() {...},57,0,10,0,21,0,7,0,2,0
OpenJPA Kernel,org.apache.openjpa.enhance,ClassRedefiner.new ClassFileTransformer() {...},12,0,0,0,2,0,2,0,2,0
OpenJPA Kernel,org.apache.openjpa.enhance,ApplicationIdTool.new Configurations.Runnable() {...},20,0,0,0,4,0,2,0,2,0
OpenJPA Kernel,org.apache.openjpa.enhance,PCEnhancerAgent,178,0,24,0,59,0,19,0,7,0
OpenJPA Kernel,org.apache.openjpa.enhance,DynamicStorageGenerator,1442,0,69,0,247,0,65,0,27,0
OpenJPA Kernel,org.apache.openjpa.enhance,PCEnhancer,14409,0,1217,0,2699,0,793,0,163,0
OpenJPA Kernel,org.apache.openjpa.enhance,ManagedClassSubclasser.new BytecodeWriter() {...},31,0,0,0,3,0,2,0,2,0
OpenJPA Kernel,org.apache.openjpa.enhance,ApplicationIdTool.Flags,21,0,0,0,7,0,1,0,1,0
OpenJPA Kernel,org.apache.openjpa.enhance,ClassRedefiner,105,0,16,0,31,0,12,0,4,0
OpenJPA Kernel,org.apache.openjpa.enhance,ApplicationIdTool,3827,0,376,0,779,0,239,0,48,0
OpenJPA Kernel,org.apache.openjpa.enhance,RedefinitionHelper,262,18,47,3,87,4,38,2,14,1
OpenJPA Kernel,org.apache.openjpa.enhance,PersistenceCapable,0,5,0,0,0,1,0,1,0,1
OpenJPA Kernel,org.apache.openjpa.enhance,Reflection,1733,0,266,0,418,0,202,0,69,0
OpenJPA Kernel,org.apache.openjpa.enhance,CodeGenerator,1234,0,128,0,277,0,95,0,31,0
OpenJPA Kernel,org.apache.openjpa.enhance,PCClassFileTransformer.Reentrant,45,0,2,0,10,0,4,0,3,0
OpenJPA Kernel,org.apache.openjpa.enhance,PCSubclassValidator,445,0,60,0,106,0,42,0,12,0
OpenJPA Kernel,org.apache.openjpa.enhance,PCEnhancerAgent.new ClassResolver() {...},9,0,0,0,2,0,2,0,2,0
OpenJPA Kernel,org.apache.openjpa.enhance,PCDataGenerator,3964,0,88,0,707,0,79,0,35,0
OpenJPA Kernel,org.apache.openjpa.enhance,PCClassFileTransformer.new ClassVisitor() {...},41,0,16,0,7,0,10,0,2,0
OpenJPA Kernel,org.apache.openjpa.enhance,PCRegistry.Meta,0,18,0,0,0,7,0,1,0,1
OpenJPA Kernel,org.apache.openjpa.audit,AuditLogger,124,0,8,0,26,0,13,0,9,0
OpenJPA Kernel,org.apache.openjpa.audit,AuditableOperation,27,0,0,0,5,0,1,0,1,0
OpenJPA Kernel,org.apache.openjpa.util.proxy,DelayedPriorityQueueProxy,633,0,120,0,170,0,110,0,50,0
OpenJPA Kernel,org.apache.openjpa.util.proxy,ProxyMaps,221,0,22,0,59,0,29,0,18,0
OpenJPA Kernel,org.apache.openjpa.util.proxy,ProxyCollections.new ProxyCollections.ProxyIterator() {...},49,0,2,0,12,0,5,0,4,0
OpenJPA Kernel,org.apache.openjpa.util.proxy,ProxyCollections.new ProxyCollections.ProxyListIterator() {...},135,0,8,0,35,0,14,0,10,0
OpenJPA Kernel,org.apache.openjpa.util.proxy,DelayedLinkedHashSetProxy,523,0,106,0,141,0,97,0,44,0
OpenJPA Kernel,org.apache.openjpa.util.proxy,ProxyMaps.ProxyEntrySetImpl.new Iterator() {...},79,0,5,0,16,0,7,0,4,0
OpenJPA Kernel,org.apache.openjpa.util.proxy,ProxyCollections,624,0,108,0,186,0,102,0,48,0
OpenJPA Kernel,org.apache.openjpa.util.proxy,DelayedVectorProxy,973,0,216,0,283,0,180,0,72,0
OpenJPA Kernel,org.apache.openjpa.util.proxy,ProxyMaps.ProxyEntrySetImpl,69,0,7,0,21,0,11,0,7,0
OpenJPA Kernel,org.apache.openjpa.util.proxy,DelayedTreeSetProxy,722,0,170,0,191,0,145,0,60,0
OpenJPA Kernel,org.apache.openjpa.util.proxy,DelayedHashSetProxy,523,0,106,0,141,0,97,0,44,0
OpenJPA Kernel,org.apache.openjpa.util.proxy,DelayedArrayListProxy,665,0,140,0,184,0,122,0,52,0
OpenJPA Kernel,org.apache.openjpa.util.proxy,DelayedLinkedListProxy,993,0,228,0,292,0,187,0,73,0
OpenJPA Kernel,org.apache.openjpa.kernel,UUIDHexSeq,26,0,0,0,11,0,8,0,8,0
OpenJPA Kernel,org.apache.openjpa.kernel,ExtentImpl.CloseableIteratorChain,68,0,10,0,18,0,11,0,6,0
OpenJPA Kernel,org.apache.openjpa.kernel,ENonTransState,45,3,4,0,18,1,12,1,10,1
OpenJPA Kernel,org.apache.openjpa.kernel,AbstractPCData.ProxyDataList,13,0,0,0,4,0,2,0,2,0
OpenJPA Kernel,org.apache.openjpa.kernel,StoreQuery.Range,30,0,0,0,9,0,2,0,2,0
OpenJPA Kernel,org.apache.openjpa.kernel,BrokerImpl.TransactionalCache,290,38,73,5,59,12,57,4,19,3
OpenJPA Kernel,org.apache.openjpa.kernel,BrokerImpl,6843,2711,1131,299,1752,760,768,229,131,146
OpenJPA Kernel,org.apache.openjpa.kernel,FillStrategy.Factory,158,0,12,0,21,0,8,0,2,0
OpenJPA Kernel,org.apache.openjpa.kernel,DistinctResultList,216,0,6,0,63,0,29,0,26,0
OpenJPA Kernel,org.apache.openjpa.kernel,ECopyState,39,3,0,0,17,1,13,1,13,1
OpenJPA Kernel,org.apache.openjpa.kernel,ExpressionStoreQuery.AbstractExpressionExecutor,411,0,56,0,95,0,50,0,22,0
OpenJPA Kernel,org.apache.openjpa.kernel,AbstractLockManager,39,0,2,0,14,0,9,0,8,0
OpenJPA Kernel,org.apache.openjpa.kernel,PNonTransDirtyState,27,3,0,0,12,1,10,1,10,1
OpenJPA Kernel,org.apache.openjpa.kernel,SaveFieldManager,310,67,62,8,74,15,43,4,9,1
OpenJPA Kernel,org.apache.openjpa.kernel,BrokerImpl.ManagedObjectCollection,18,0,0,0,6,0,4,0,4,0
OpenJPA Kernel,org.apache.openjpa.kernel,OpenJPASavepoint,107,0,8,0,26,0,12,0,8,0
OpenJPA Kernel,org.apache.openjpa.kernel,PNewFlushedDeletedState,46,3,0,0,17,1,16,1,16,1
OpenJPA Kernel,org.apache.openjpa.kernel,QueryImpl,3479,0,515,0,854,0,371,0,109,0
OpenJPA Kernel,org.apache.openjpa.kernel,ROPStoreManager,65,0,8,0,20,0,9,0,5,0
OpenJPA Kernel,org.apache.openjpa.kernel,ObjectIdStateManager,850,0,56,0,235,0,176,0,143,0
OpenJPA Kernel,org.apache.openjpa.kernel,PCState,162,121,44,0,70,33,48,9,26,9
OpenJPA Kernel,org.apache.openjpa.kernel,FillStrategy.Map,95,0,6,0,15,0,5,0,2,0
OpenJPA Kernel,org.apache.openjpa.kernel,DetachManager.DetachFieldManager,96,40,20,2,20,12,14,2,2,2
OpenJPA Kernel,org.apache.openjpa.kernel,InMemorySavepointManager,29,0,2,0,10,0,6,0,5,0
OpenJPA Kernel,org.apache.openjpa.kernel,OrderingMergedResultObjectProvider.OrderingComparator,87,0,20,0,22,0,13,0,3,0
OpenJPA Kernel,org.apache.openjpa.kernel,DataCacheRetrieveMode,15,0,0,0,3,0,1,0,1,0
OpenJPA Kernel,org.apache.openjpa.kernel,VersionAttachStrategy,653,165,131,19,157,44,84,8,8,6
OpenJPA Kernel,org.apache.openjpa.kernel,QueryStatistics.None,54,0,0,0,23,0,19,0,19,0
OpenJPA Kernel,org.apache.openjpa.kernel,Filters,2404,0,646,0,599,0,381,0,39,0
OpenJPA Kernel,org.apache.openjpa.kernel,TimeSeededSeq,35,0,0,0,12,0,8,0,8,0
OpenJPA Kernel,org.apache.openjpa.kernel,QueryImpl.PackingResultObjectProvider,84,0,8,0,26,0,15,0,11,0
OpenJPA Kernel,org.apache.openjpa.kernel,UUIDStringSeq,26,0,0,0,11,0,8,0,8,0
OpenJPA Kernel,org.apache.openjpa.kernel,TransferFieldManager,137,15,4,0,45,5,23,1,21,1
OpenJPA Kernel,org.apache.openjpa.kernel,AbstractBrokerFactory.RemoveTransactionSync,18,0,0,0,6,0,3,0,3,0
OpenJPA Kernel,org.apache.openjpa.kernel,FillStrategy,4,0,0,0,1,0,1,0,1,0
OpenJPA Kernel,org.apache.openjpa.kernel,FillStrategy.NewInstance,130,0,14,0,28,0,11,0,4,0
OpenJPA Kernel,org.apache.openjpa.kernel,DetachedValueStateManager,647,0,29,0,178,0,141,0,122,0
OpenJPA Kernel,org.apache.openjpa.kernel,PNewState,40,23,3,1,16,10,12,6,10,6
OpenJPA Kernel,org.apache.openjpa.kernel,PNewProvisionalState,46,3,0,0,21,1,15,1,15,1
OpenJPA Kernel,org.apache.openjpa.kernel,FillStrategy.Array,36,0,4,0,8,0,4,0,2,0
OpenJPA Kernel,org.apache.openjpa.kernel,ResultShape,554,0,72,0,116,0,63,0,27,0
OpenJPA Kernel,org.apache.openjpa.kernel,QueryStatistics.Default,373,0,18,0,85,0,34,0,25,0
OpenJPA Kernel,org.apache.openjpa.kernel,DetachManagerLite,132,13,20,0,33,4,13,1,3,1
OpenJPA Kernel,org.apache.openjpa.kernel,AbstractFieldManager,80,3,0,0,20,1,20,1,20,1
OpenJPA Kernel,org.apache.openjpa.kernel,DetachedStateManager,1630,0,216,0,409,0,240,0,126,0
OpenJPA Kernel,org.apache.openjpa.kernel,PNewFlushedDeletedFlushedState,7,3,0,0,4,1,3,1,3,1
OpenJPA Kernel,org.apache.openjpa.kernel,FillStrategy.Assign,21,0,0,0,5,0,2,0,2,0
OpenJPA Kernel,org.apache.openjpa.kernel,StateManagerImpl,6362,692,1072,85,1463,186,779,56,196,43
OpenJPA Kernel,org.apache.openjpa.kernel,DelegatingBrokerFactory,256,0,10,0,88,0,30,0,25,0
OpenJPA Kernel,org.apache.openjpa.kernel,ExpressionStoreQuery.InMemoryExecutor.AssertNoVariablesExpressionVisitor,23,0,2,0,7,0,3,0,2,0
OpenJPA Kernel,org.apache.openjpa.kernel,DetachManager,467,389,115,47,114,108,82,14,7,8
OpenJPA Kernel,org.apache.openjpa.kernel,UUIDType4StringSeq,26,0,0,0,11,0,8,0,8,0
OpenJPA Kernel,org.apache.openjpa.kernel,QueryImpl.MergedExecutor,441,0,34,0,70,0,42,0,25,0
OpenJPA Kernel,org.apache.openjpa.kernel,ExtentImpl,311,4,46,0,88,1,35,1,12,1
OpenJPA Kernel,org.apache.openjpa.kernel,HollowState,22,13,0,0,11,6,10,3,10,3
OpenJPA Kernel,org.apache.openjpa.kernel,ResultPacker,904,0,164,0,194,0,94,0,12,0
OpenJPA Kernel,org.apache.openjpa.kernel,DelegatingSeq,125,0,10,0,39,0,17,0,12,0
OpenJPA Kernel,org.apache.openjpa.kernel,MethodStoreQuery,170,0,12,0,31,0,15,0,9,0
OpenJPA Kernel,org.apache.openjpa.kernel,StoreContext,0,6,0,0,0,1,0,1,0,1
OpenJPA Kernel,org.apache.openjpa.kernel,TransientState,2,17,0,0,1,5,1,2,1,2
OpenJPA Kernel,org.apache.openjpa.kernel,NoneLockManager,17,0,0,0,8,0,5,0,5,0
OpenJPA Kernel,org.apache.openjpa.kernel,PDirtyState,55,3,4,0,20,1,18,1,16,1
OpenJPA Kernel,org.apache.openjpa.kernel,DelegatingResultList.DelegatingListIterator,152,0,6,0,49,0,17,0,14,0
OpenJPA Kernel,org.apache.openjpa.kernel,AbstractPCData,683,0,106,0,170,0,74,0,14,0
OpenJPA Kernel,org.apache.openjpa.kernel,FinalizingBrokerImpl,11,0,2,0,5,0,3,0,2,0
OpenJPA Kernel,org.apache.openjpa.kernel,EDirtyState,42,3,0,0,19,1,15,1,15,1
OpenJPA Kernel,org.apache.openjpa.kernel,AbstractPCResultObjectProvider,76,0,2,0,24,0,12,0,11,0
OpenJPA Kernel,org.apache.openjpa.kernel,ExtentImpl.FilterDeletedIterator,76,0,10,0,20,0,12,0,7,0
OpenJPA Kernel,org.apache.openjpa.kernel,DelegatingQuery,758,0,10,0,273,0,83,0,78,0
OpenJPA Kernel,org.apache.openjpa.kernel,ExpressionStoreQuery.InMemoryExecutor,374,0,30,0,62,0,21,0,6,0
OpenJPA Kernel,org.apache.openjpa.kernel,AttachManager,166,402,37,49,40,107,30,33,4,16
OpenJPA Kernel,org.apache.openjpa.kernel,Audited,135,0,16,0,28,0,15,0,7,0
OpenJPA Kernel,org.apache.openjpa.kernel,ExpressionStoreQuery.AbstractExpressionExecutor.ValidateGroupingExpressionVisitor,172,0,32,0,46,0,20,0,4,0
OpenJPA Kernel,org.apache.openjpa.kernel,AbstractStoreQuery.AbstractExecutor,130,0,12,0,33,0,29,0,23,0
OpenJPA Kernel,org.apache.openjpa.kernel,AutoDetach,0,47,0,0,0,2,0,1,0,1
OpenJPA Kernel,org.apache.openjpa.kernel,ExpressionStoreQuery,137,0,6,0,32,0,21,0,18,0
OpenJPA Kernel,org.apache.openjpa.kernel,PNonTransDeletedState,44,3,0,0,13,1,13,1,13,1
OpenJPA Kernel,org.apache.openjpa.kernel,PCDataImpl,612,0,88,0,153,0,78,0,34,0
OpenJPA Kernel,org.apache.openjpa.kernel,ExpressionStoreQuery.new Resolver() {...},35,0,0,0,6,0,6,0,6,0
OpenJPA Kernel,org.apache.openjpa.kernel,Bootstrap,239,0,12,0,60,0,15,0,9,0
OpenJPA Kernel,org.apache.openjpa.kernel,DetachedStateAttachStrategy,175,159,43,17,35,47,32,4,1,4
OpenJPA Kernel,org.apache.openjpa.kernel,AbstractBrokerFactory,1323,9,156,0,348,3,124,1,46,1
OpenJPA Kernel,org.apache.openjpa.kernel,QueryLanguages,61,0,2,0,16,0,4,0,3,0
OpenJPA Kernel,org.apache.openjpa.kernel,EDeletedState,27,3,0,0,12,1,11,1,11,1
OpenJPA Kernel,org.apache.openjpa.kernel,DataCacheStoreMode,21,0,0,0,4,0,1,0,1,0
OpenJPA Kernel,org.apache.openjpa.kernel,PDeletedState,54,3,2,0,18,1,17,1,16,1
OpenJPA Kernel,org.apache.openjpa.kernel,TLoadedState,2,9,0,0,1,4,1,3,1,3
OpenJPA Kernel,org.apache.openjpa.kernel,QueryResultCallback,53,0,0,0,13,0,7,0,7,0
OpenJPA Kernel,org.apache.openjpa.kernel,AbstractBrokerFactory.new Object() {...},6,0,0,0,1,0,1,0,1,0
OpenJPA Kernel,org.apache.openjpa.kernel,PDeletedFlushedState,8,3,0,0,4,1,3,1,3,1
OpenJPA Kernel,org.apache.openjpa.kernel,DelegatingResultList,362,0,8,0,114,0,41,0,37,0
OpenJPA Kernel,org.apache.openjpa.kernel,FetchConfigurationImpl.ConfigurationState,63,0,0,0,21,0,1,0,1,0
OpenJPA Kernel,org.apache.openjpa.kernel,ExtentImpl.FilterNewIterator,50,0,10,0,13,0,8,0,3,0
OpenJPA Kernel,org.apache.openjpa.kernel,SingleFieldManager,1948,20,422,0,444,7,261,2,36,2
OpenJPA Kernel,org.apache.openjpa.kernel,PNonTransState,120,7,22,0,39,3,23,2,12,2
OpenJPA Kernel,org.apache.openjpa.kernel,TCleanState,37,3,4,0,13,1,9,1,7,1
OpenJPA Kernel,org.apache.openjpa.kernel,QueryImpl.CompilationKey,147,0,32,0,29,0,19,0,3,0
OpenJPA Kernel,org.apache.openjpa.kernel,DetachManager.InstanceDetachFieldManager,625,65,106,4,143,16,74,3,16,3
OpenJPA Kernel,org.apache.openjpa.kernel,AttachStrategy,1106,68,223,8,246,17,131,7,12,4
OpenJPA Kernel,org.apache.openjpa.kernel,ManagedCache,399,231,97,43,83,62,63,19,4,8
OpenJPA Kernel,org.apache.openjpa.kernel,MethodStoreQuery.MethodExecutor,489,0,60,0,109,0,37,0,7,0
OpenJPA Kernel,org.apache.openjpa.kernel,InverseManager,606,8,149,0,157,2,99,1,20,1
OpenJPA Kernel,org.apache.openjpa.kernel,ClearFieldManager,22,8,0,0,11,3,11,2,11,2
OpenJPA Kernel,org.apache.openjpa.kernel,AbstractStoreQuery,51,0,0,0,22,0,20,0,20,0
OpenJPA Kernel,org.apache.openjpa.kernel,FillStrategy.Bean,124,0,8,0,19,0,6,0,2,0
OpenJPA Kernel,org.apache.openjpa.kernel,AuditManager.AuditCallback,213,0,18,0,63,0,31,0,22,0
OpenJPA Kernel,org.apache.openjpa.kernel,TDirtyState,44,3,2,0,15,1,12,1,11,1
OpenJPA Kernel,org.apache.openjpa.kernel,SavepointFieldManager,332,0,40,0,80,0,38,0,16,0
OpenJPA Kernel,org.apache.openjpa.kernel,ECleanState,32,3,0,0,16,1,14,1,14,1
OpenJPA Kernel,org.apache.openjpa.kernel,BrokerImpl.StateManagerId,65,32,10,0,13,7,8,4,3,4
OpenJPA Kernel,org.apache.openjpa.kernel,StoreQuery,25,0,0,0,7,0,1,0,1,0
OpenJPA Kernel,org.apache.openjpa.kernel,DelegatingBroker,1875,0,18,0,678,0,193,0,184,0
OpenJPA Kernel,org.apache.openjpa.kernel,ExpressionStoreQuery.DataStoreExecutor,429,0,40,0,61,0,28,0,8,0
OpenJPA Kernel,org.apache.openjpa.kernel,PCleanState,35,3,2,0,18,1,15,1,14,1
OpenJPA Kernel,org.apache.openjpa.kernel,LocalManagedRuntime,204,34,32,2,72,14,30,5,13,5
OpenJPA Kernel,org.apache.openjpa.kernel,QueryImpl.RemoveOnCloseResultList,194,0,8,0,52,0,39,0,35,0
OpenJPA Kernel,org.apache.openjpa.kernel,DelegatingExtent,173,0,10,0,59,0,23,0,18,0
OpenJPA Kernel,org.apache.openjpa.kernel,DelegatingFetchConfiguration,699,0,10,0,238,0,72,0,67,0
OpenJPA Kernel,org.apache.openjpa.kernel,QueryImpl.Compilation,12,0,0,0,4,0,1,0,1,0
OpenJPA Kernel,org.apache.openjpa.kernel,FetchConfigurationImpl,2151,0,394,0,493,0,292,0,95,0
OpenJPA Kernel,org.apache.openjpa.kernel,BrokerImpl.ManagedObjectCollection.new Iterator() {...},26,0,0,0,6,0,4,0,4,0
OpenJPA Kernel,org.apache.openjpa.kernel,PNewDeletedState,46,3,0,0,17,1,15,1,15,1
OpenJPA Kernel,org.apache.openjpa.kernel,VersionLockManager,160,0,24,0,45,0,25,0,13,0
OpenJPA Kernel,org.apache.openjpa.kernel,ResultShapePacker,86,0,12,0,15,0,9,0,3,0
OpenJPA Kernel,org.apache.openjpa.kernel,PNonTransNewState,23,3,0,0,11,1,9,1,9,1
OpenJPA Kernel,org.apache.openjpa.kernel,OrderingMergedResultObjectProvider,87,0,6,0,16,0,6,0,3,0
OpenJPA Kernel,org.apache.openjpa.kernel,UUIDType4HexSeq,26,0,0,0,11,0,8,0,8,0
OpenJPA Kernel,org.apache.openjpa.kernel,DelegatingStoreManager,159,62,7,1,37,18,30,10,26,10
OpenJPA Kernel,org.apache.openjpa.kernel,AuditManager,302,0,48,0,76,0,42,0,18,0
OpenJPA Kernel,org.apache.openjpa.validation,ValidationException,12,0,0,0,5,0,2,0,2,0
OpenJPA Kernel,org.apache.openjpa.validation,AbstractValidator,5,0,0,0,2,0,2,0,2,0
OpenJPA Kernel,org.apache.openjpa.validation,ValidationUnavailableException,20,0,0,0,8,0,4,0,4,0
OpenJPA Kernel,org.apache.openjpa.validation,ValidatingLifecycleEventManager,200,0,42,0,43,0,33,0,12,0
OpenJPA Kernel,org.apache.openjpa.kernel.jpql,JPQLTreeConstants,548,0,0,0,1,0,1,0,1,0
OpenJPA Kernel,org.apache.openjpa.kernel.jpql,SimpleNode,5,0,0,0,2,0,1,0,1,0
OpenJPA Kernel,org.apache.openjpa.kernel.jpql,JPQL.JJCalls,3,0,0,0,1,0,1,0,1,0
OpenJPA Kernel,org.apache.openjpa.kernel.jpql,TokenMgrError,131,0,18,0,37,0,19,0,6,0
OpenJPA Kernel,org.apache.openjpa.kernel.jpql,ParseException,223,0,28,0,57,0,25,0,7,0
OpenJPA Kernel,org.apache.openjpa.kernel.jpql,JavaCharStream,1301,0,99,0,257,0,97,0,39,0
OpenJPA Kernel,org.apache.openjpa.kernel.jpql,JPQL,32017,0,5434,0,7718,0,3901,0,992,0
OpenJPA Kernel,org.apache.openjpa.kernel.jpql,JPQLConstants,516,0,0,0,1,0,1,0,1,0
OpenJPA Kernel,org.apache.openjpa.kernel.jpql,JPQLExpressionBuilder,5659,0,759,0,1150,0,533,0,102,0
OpenJPA Kernel,org.apache.openjpa.kernel.jpql,JJTJPQLState,228,0,10,0,54,0,17,0,12,0
OpenJPA Kernel,org.apache.openjpa.kernel.jpql,JPQLTokenManager,7644,0,1187,0,1398,0,818,0,35,0
OpenJPA Kernel,org.apache.openjpa.kernel.jpql,JPQLParser,80,0,6,0,22,0,10,0,7,0
OpenJPA Kernel,org.apache.openjpa.kernel.jpql,JPQLExpressionBuilder.ParsedJPQL,75,0,6,0,21,0,9,0,6,0
OpenJPA Kernel,org.apache.openjpa.kernel.jpql,Token,34,0,0,0,12,0,7,0,7,0
OpenJPA Kernel,org.apache.openjpa.kernel.jpql,JPQLExpressionBuilder.JPQLNode,271,0,34,0,62,0,40,0,23,0
OpenJPA Kernel,org.apache.openjpa.util.asm,EnhancementProject,114,0,4,0,30,0,11,0,9,0
OpenJPA Kernel,org.apache.openjpa.util.asm,ClassWriterTracker,57,0,0,0,16,0,8,0,8,0
OpenJPA Kernel,org.apache.openjpa.util.asm,EnhancementClassLoader,59,0,4,0,18,0,7,0,5,0
OpenJPA Kernel,org.apache.openjpa.util.asm,BCClassWriter,63,0,10,0,17,0,7,0,2,0
OpenJPA Kernel,org.apache.openjpa.util.asm,AsmHelper,1200,0,258,0,289,0,179,0,27,0
OpenJPA Kernel,org.apache.openjpa.util.asm,RedefinedAttribute,18,0,0,0,5,0,3,0,3,0
OpenJPA Kernel,org.apache.openjpa.util.asm,ClassNodeTracker,95,0,8,0,27,0,12,0,8,0
OpenJPA Kernel,org.apache.openjpa.ee,InvocationManagedRuntime,82,0,2,0,23,0,10,0,9,0
OpenJPA Kernel,org.apache.openjpa.ee,WASRegistryManagedRuntime,26,0,0,0,9,0,2,0,2,0
OpenJPA Kernel,org.apache.openjpa.ee,WASRegistryManagedRuntime.DelegatingUOWAction,13,0,0,0,5,0,2,0,2,0
OpenJPA Kernel,org.apache.openjpa.ee,WLSManagedRuntime,78,0,0,0,22,0,4,0,4,0
OpenJPA Kernel,org.apache.openjpa.ee,WASManagedRuntime.WASTransaction,159,0,8,0,35,0,18,0,14,0
OpenJPA Kernel,org.apache.openjpa.ee,WASManagedRuntime.WASSynchronization,31,0,6,0,12,0,6,0,3,0
OpenJPA Kernel,org.apache.openjpa.ee,AbstractManagedRuntime,79,7,0,0,30,3,2,2,2,2
OpenJPA Kernel,org.apache.openjpa.ee,OSGiManagedRuntime,71,0,10,0,24,0,11,0,6,0
OpenJPA Kernel,org.apache.openjpa.ee,RegistryManagedRuntime,62,0,2,0,20,0,10,0,9,0
OpenJPA Kernel,org.apache.openjpa.ee,RegistryManagedRuntime.TransactionManagerRegistryFacade,60,0,0,0,18,0,14,0,14,0
OpenJPA Kernel,org.apache.openjpa.ee,JNDIManagedRuntime,45,0,2,0,15,0,7,0,6,0
OpenJPA Kernel,org.apache.openjpa.ee,OSGiManagedRuntime.Listener,41,0,3,0,15,0,4,0,2,0
OpenJPA Kernel,org.apache.openjpa.ee,SunOneManagedRuntime,42,0,0,0,10,0,4,0,4,0
OpenJPA Kernel,org.apache.openjpa.ee,WASManagedRuntime,65,0,0,0,22,0,8,0,8,0
OpenJPA Kernel,org.apache.openjpa.ee,AutomaticManagedRuntime,450,0,42,0,141,0,31,0,10,0
OpenJPA Kernel,org.apache.openjpa.instrumentation,InstrumentationManagerImpl,112,0,18,0,32,0,16,0,7,0
OpenJPA Kernel,org.apache.openjpa.instrumentation,AbstractQueryCacheInstrument,263,0,40,0,93,0,45,0,25,0
OpenJPA Kernel,org.apache.openjpa.instrumentation,AbstractPreparedQueryCacheInstrument,160,0,26,0,63,0,33,0,20,0
OpenJPA Kernel,org.apache.openjpa.instrumentation,AbstractDataCacheInstrument,258,0,38,0,97,0,50,0,31,0
OpenJPA Kernel,org.apache.openjpa.kernel.exps,Concat,78,0,4,0,19,0,7,0,5,0
OpenJPA Kernel,org.apache.openjpa.kernel.exps,NotEqualExpression,19,0,8,0,4,0,6,0,2,0
OpenJPA Kernel,org.apache.openjpa.kernel.exps,Type,32,0,0,0,11,0,5,0,5,0
OpenJPA Kernel,org.apache.openjpa.kernel.exps,Divide,11,0,0,0,3,0,2,0,2,0
OpenJPA Kernel,org.apache.openjpa.kernel.exps,WhenScalar,30,0,0,0,11,0,4,0,4,0
OpenJPA Kernel,org.apache.openjpa.kernel.exps,Cast,75,0,6,0,19,0,9,0,6,0
OpenJPA Kernel,org.apache.openjpa.kernel.exps,WhenCondition,30,0,0,0,11,0,4,0,4,0
OpenJPA Kernel,org.apache.openjpa.kernel.exps,ContainsValueExpression,13,0,2,0,3,0,3,0,2,0
OpenJPA Kernel,org.apache.openjpa.kernel.exps,DateTimeExtractPart,15,0,0,0,3,0,1,0,1,0
OpenJPA Kernel,org.apache.openjpa.kernel.exps,Any,40,0,12,0,8,0,10,0,4,0
OpenJPA Kernel,org.apache.openjpa.kernel.exps,All,40,0,12,0,8,0,10,0,4,0
OpenJPA Kernel,org.apache.openjpa.kernel.exps,QueryExpressions,135,0,10,0,40,0,13,0,8,0
OpenJPA Kernel,org.apache.openjpa.kernel.exps,Multiply,11,0,0,0,3,0,2,0,2,0
OpenJPA Kernel,org.apache.openjpa.kernel.exps,ContainsKeyExpression,13,0,2,0,3,0,3,0,2,0
OpenJPA Kernel,org.apache.openjpa.kernel.exps,OrExpression,62,0,8,0,13,0,8,0,4,0
OpenJPA Kernel,org.apache.openjpa.kernel.exps,Floor,94,0,24,0,20,0,15,0,3,0
OpenJPA Kernel,org.apache.openjpa.kernel.exps,LessThanEqualExpression,19,0,4,0,5,0,4,0,2,0
OpenJPA Kernel,org.apache.openjpa.kernel.exps,Coalesce,156,0,20,0,27,0,18,0,8,0
OpenJPA Kernel,org.apache.openjpa.kernel.exps,LessThanExpression,19,0,4,0,5,0,4,0,2,0
OpenJPA Kernel,org.apache.openjpa.kernel.exps,Max,33,0,8,0,10,0,7,0,3,0
OpenJPA Kernel,org.apache.openjpa.kernel.exps,QueryExpressions.AggregateExpressionVisitor,66,0,16,0,20,0,12,0,4,0
OpenJPA Kernel,org.apache.openjpa.kernel.exps,This,10,0,0,0,4,0,4,0,4,0
OpenJPA Kernel,org.apache.openjpa.kernel.exps,GreaterThanEqualExpression,19,0,4,0,5,0,4,0,2,0
OpenJPA Kernel,org.apache.openjpa.kernel.exps,UnboundVariable,28,0,0,0,12,0,6,0,6,0
OpenJPA Kernel,org.apache.openjpa.kernel.exps,AbstractExpressionBuilder,957,0,183,0,213,0,117,0,25,0
OpenJPA Kernel,org.apache.openjpa.kernel.exps,ValExpression,64,0,12,0,12,0,10,0,4,0
OpenJPA Kernel,org.apache.openjpa.kernel.exps,Power,11,0,0,0,3,0,2,0,2,0
OpenJPA Kernel,org.apache.openjpa.kernel.exps,CurrentTemporal,33,0,6,0,12,0,7,0,4,0
OpenJPA Kernel,org.apache.openjpa.kernel.exps,Exponential,12,0,0,0,4,0,3,0,3,0
OpenJPA Kernel,org.apache.openjpa.kernel.exps,ExtractDateTimePart,154,0,28,0,41,0,19,0,5,0
OpenJPA Kernel,org.apache.openjpa.kernel.exps,Extension,136,0,18,0,35,0,16,0,7,0
OpenJPA Kernel,org.apache.openjpa.kernel.exps,CompareExpression,124,0,16,0,27,0,12,0,4,0
OpenJPA Kernel,org.apache.openjpa.kernel.exps,EqualExpression,19,0,8,0,4,0,6,0,2,0
OpenJPA Kernel,org.apache.openjpa.kernel.exps,SubQ,46,0,0,0,17,0,10,0,10,0
OpenJPA Kernel,org.apache.openjpa.kernel.exps,Index,17,0,0,0,5,0,4,0,4,0
OpenJPA Kernel,org.apache.openjpa.kernel.exps,BindVariableExpression,76,0,8,0,21,0,11,0,7,0
OpenJPA Kernel,org.apache.openjpa.kernel.exps,Add,11,0,0,0,3,0,2,0,2,0
OpenJPA Kernel,org.apache.openjpa.kernel.exps,GreaterThanExpression,19,0,4,0,5,0,4,0,2,0
OpenJPA Kernel,org.apache.openjpa.kernel.exps,CandidatePath,230,0,40,0,72,0,37,0,17,0
OpenJPA Kernel,org.apache.openjpa.kernel.exps,ValuePath,34,0,0,0,9,0,4,0,4,0
OpenJPA Kernel,org.apache.openjpa.kernel.exps,InMemoryExpressionFactory.ArrayKey,81,0,14,0,18,0,10,0,3,0
OpenJPA Kernel,org.apache.openjpa.kernel.exps,UnaryMathVal,39,0,0,0,11,0,5,0,5,0
OpenJPA Kernel,org.apache.openjpa.kernel.exps,GeneralCase,167,0,12,0,31,0,13,0,7,0
OpenJPA Kernel,org.apache.openjpa.kernel.exps,InMemoryExpressionFactory,1398,0,140,0,233,0,173,0,103,0
OpenJPA Kernel,org.apache.openjpa.kernel.exps,Sign,48,0,12,0,12,0,9,0,3,0
OpenJPA Kernel,org.apache.openjpa.kernel.exps,GetMapValue,31,0,0,0,9,0,5,0,5,0
OpenJPA Kernel,org.apache.openjpa.kernel.exps,Param,41,0,0,0,15,0,7,0,7,0
OpenJPA Kernel,org.apache.openjpa.kernel.exps,ExtractDateTimeField,127,0,15,0,31,0,13,0,5,0
OpenJPA Kernel,org.apache.openjpa.kernel.exps,WildcardMatch,66,0,8,0,12,0,10,0,6,0
OpenJPA Kernel,org.apache.openjpa.kernel.exps,Aggregate,108,0,12,0,29,0,15,0,9,0
OpenJPA Kernel,org.apache.openjpa.kernel.exps,Null,8,0,0,0,4,0,4,0,4,0
OpenJPA Kernel,org.apache.openjpa.kernel.exps,Ceiling,94,0,24,0,20,0,15,0,3,0
OpenJPA Kernel,org.apache.openjpa.kernel.exps,CurrentDate,36,0,0,0,10,0,4,0,4,0
OpenJPA Kernel,org.apache.openjpa.kernel.exps,Abs,89,0,24,0,20,0,15,0,3,0
OpenJPA Kernel,org.apache.openjpa.kernel.exps,MathVal,64,0,0,0,16,0,5,0,5,0
OpenJPA Kernel,org.apache.openjpa.kernel.exps,ToLowerCase,30,0,0,0,10,0,5,0,5,0
OpenJPA Kernel,org.apache.openjpa.kernel.exps,AbstractExpressionVisitor,7,0,0,0,5,0,5,0,5,0
OpenJPA Kernel,org.apache.openjpa.kernel.exps,Sqrt,12,0,0,0,4,0,3,0,3,0
OpenJPA Kernel,org.apache.openjpa.kernel.exps,Distinct,55,0,4,0,16,0,8,0,6,0
OpenJPA Kernel,org.apache.openjpa.kernel.exps,Count,27,0,4,0,8,0,5,0,3,0
OpenJPA Kernel,org.apache.openjpa.kernel.exps,Subtract,11,0,0,0,3,0,2,0,2,0
OpenJPA Kernel,org.apache.openjpa.kernel.exps,StringLength,50,0,4,0,17,0,7,0,5,0
OpenJPA Kernel,org.apache.openjpa.kernel.exps,Args,146,0,12,0,28,0,14,0,8,0
OpenJPA Kernel,org.apache.openjpa.kernel.exps,MatchesExpression,105,0,14,0,24,0,10,0,3,0
OpenJPA Kernel,org.apache.openjpa.kernel.exps,BindVariableAndExpression,71,0,14,0,19,0,10,0,3,0
OpenJPA Kernel,org.apache.openjpa.kernel.exps,SimpleCase,242,0,28,0,44,0,21,0,7,0
OpenJPA Kernel,org.apache.openjpa.kernel.exps,GetObjectId,30,0,0,0,10,0,5,0,5,0
OpenJPA Kernel,org.apache.openjpa.kernel.exps,DateTimeExtractField,77,0,0,0,16,0,4,0,4,0
OpenJPA Kernel,org.apache.openjpa.kernel.exps,StringContains,32,0,6,0,10,0,9,0,6,0
OpenJPA Kernel,org.apache.openjpa.kernel.exps,NullIf,135,0,20,0,33,0,19,0,9,0
OpenJPA Kernel,org.apache.openjpa.kernel.exps,Val,109,0,8,0,33,0,19,0,15,0
OpenJPA Kernel,org.apache.openjpa.kernel.exps,NotExpression,40,0,4,0,9,0,6,0,4,0
OpenJPA Kernel,org.apache.openjpa.kernel.exps,Round,11,0,0,0,3,0,2,0,2,0
OpenJPA Kernel,org.apache.openjpa.kernel.exps,Substring,89,0,4,0,20,0,7,0,5,0
OpenJPA Kernel,org.apache.openjpa.kernel.exps,Mod,11,0,0,0,3,0,2,0,2,0
OpenJPA Kernel,org.apache.openjpa.kernel.exps,QueryExpressions.ParameterExpressionVisitor,48,0,8,0,14,0,7,0,3,0
OpenJPA Kernel,org.apache.openjpa.kernel.exps,InMemoryExpressionFactory.OrderValueComparator,131,0,24,0,29,0,14,0,2,0
OpenJPA Kernel,org.apache.openjpa.kernel.exps,EndsWithExpression,17,0,4,0,5,0,4,0,2,0
OpenJPA Kernel,org.apache.openjpa.kernel.exps,Trim,96,0,14,0,25,0,12,0,5,0
OpenJPA Kernel,org.apache.openjpa.kernel.exps,CollectionParam,41,0,0,0,15,0,7,0,7,0
OpenJPA Kernel,org.apache.openjpa.kernel.exps,TypeLit,41,0,2,0,13,0,9,0,8,0
OpenJPA Kernel,org.apache.openjpa.kernel.exps,Size,29,0,6,0,8,0,6,0,3,0
OpenJPA Kernel,org.apache.openjpa.kernel.exps,Avg,51,0,8,0,17,0,7,0,3,0
OpenJPA Kernel,org.apache.openjpa.kernel.exps,ContainsExpression,113,0,20,0,25,0,15,0,5,0
OpenJPA Kernel,org.apache.openjpa.kernel.exps,IsEmptyExpression,84,0,16,0,26,0,12,0,4,0
OpenJPA Kernel,org.apache.openjpa.kernel.exps,StartsWithExpression,17,0,4,0,5,0,4,0,2,0
OpenJPA Kernel,org.apache.openjpa.kernel.exps,BindKeyVariableExpression,15,0,2,0,4,0,3,0,2,0
OpenJPA Kernel,org.apache.openjpa.kernel.exps,CandidatePath.Traversal,25,0,2,0,8,0,4,0,3,0
OpenJPA Kernel,org.apache.openjpa.kernel.exps,Lit,41,0,2,0,13,0,9,0,8,0
OpenJPA Kernel,org.apache.openjpa.kernel.exps,AndExpression,68,0,8,0,15,0,10,0,6,0
OpenJPA Kernel,org.apache.openjpa.kernel.exps,BoundVariable,60,0,8,0,19,0,11,0,7,0
OpenJPA Kernel,org.apache.openjpa.kernel.exps,IndexOf,78,0,2,0,20,0,6,0,5,0
OpenJPA Kernel,org.apache.openjpa.kernel.exps,AggregateVal,70,0,4,0,20,0,10,0,8,0
OpenJPA Kernel,org.apache.openjpa.kernel.exps,InstanceofExpression,56,0,4,0,12,0,6,0,4,0
OpenJPA Kernel,org.apache.openjpa.kernel.exps,Min,33,0,8,0,10,0,7,0,3,0
OpenJPA Kernel,org.apache.openjpa.kernel.exps,Sum,56,0,12,0,16,0,9,0,3,0
OpenJPA Kernel,org.apache.openjpa.kernel.exps,Context,264,0,34,0,85,0,40,0,23,0
OpenJPA Kernel,org.apache.openjpa.kernel.exps,ToUpperCase,30,0,0,0,11,0,5,0,5,0
OpenJPA Kernel,org.apache.openjpa.kernel.exps,Exp,33,0,0,0,12,0,6,0,6,0
OpenJPA Kernel,org.apache.openjpa.kernel.exps,BindValueVariableExpression,15,0,2,0,4,0,3,0,2,0
OpenJPA Kernel,org.apache.openjpa.kernel.exps,NaturalLogarithm,12,0,0,0,4,0,3,0,3,0
OpenJPA Kernel,org.apache.openjpa.ant,MetaDataToolTask.Action,5,0,0,0,2,0,2,0,2,0
OpenJPA Kernel,org.apache.openjpa.ant,ApplicationIdToolTask,73,0,2,0,22,0,10,0,9,0
OpenJPA Kernel,org.apache.openjpa.ant,MetaDataToolTask,88,0,8,0,21,0,10,0,6,0
OpenJPA Kernel,org.apache.openjpa.ant,PCEnhancerTask,65,0,2,0,18,0,8,0,7,0
OpenJPA Kernel,org.apache.openjpa.conf,Compatibility,221,118,6,0,91,40,58,8,55,8
OpenJPA Kernel,org.apache.openjpa.conf,CacheMarshallersValue,148,0,14,0,39,0,15,0,8,0
OpenJPA Kernel,org.apache.openjpa.conf,DetachOptions.All,5,0,0,0,2,0,2,0,2,0
OpenJPA Kernel,org.apache.openjpa.conf,DetachOptions,126,0,16,0,42,0,22,0,14,0
OpenJPA Kernel,org.apache.openjpa.conf,CacheMarshallerImpl,436,0,50,0,122,0,43,0,18,0
OpenJPA Kernel,org.apache.openjpa.conf,AutoDetachValue,139,0,6,0,24,0,9,0,6,0
OpenJPA Kernel,org.apache.openjpa.conf,SeqValue,49,0,0,0,9,0,2,0,2,0
OpenJPA Kernel,org.apache.openjpa.conf,RemoteCommitProviderValue,153,0,8,0,39,0,17,0,13,0
OpenJPA Kernel,org.apache.openjpa.conf,MetaDataRepositoryValue,70,0,6,0,19,0,5,0,2,0
OpenJPA Kernel,org.apache.openjpa.conf,DetachOptions.Loaded,5,0,0,0,2,0,2,0,2,0
OpenJPA Kernel,org.apache.openjpa.conf,BrokerValue,94,0,6,0,20,0,7,0,4,0
OpenJPA Kernel,org.apache.openjpa.conf,NoOpCacheMarshaller,14,0,0,0,7,0,6,0,6,0
OpenJPA Kernel,org.apache.openjpa.conf,Specification,237,0,30,0,46,0,30,0,15,0
OpenJPA Kernel,org.apache.openjpa.conf,SpecificationPlugin,114,0,16,0,33,0,15,0,7,0
OpenJPA Kernel,org.apache.openjpa.conf,BrokerFactoryValue,98,0,6,0,22,0,7,0,4,0
OpenJPA Kernel,org.apache.openjpa.conf,MetaDataCacheMaintenance,400,0,34,0,93,0,27,0,10,0
OpenJPA Kernel,org.apache.openjpa.conf,OpenJPAVersionAndConfigurationTypeValidationPolicy,55,0,6,0,13,0,9,0,6,0
OpenJPA Kernel,org.apache.openjpa.conf,OpenJPAVersion,257,0,16,0,66,0,14,0,6,0
OpenJPA Kernel,org.apache.openjpa.conf,QueryCompilationCacheValue,85,0,10,0,15,0,8,0,3,0
OpenJPA Kernel,org.apache.openjpa.conf,DetachOptions.FetchGroups,5,0,0,0,2,0,2,0,2,0
OpenJPA Kernel,org.apache.openjpa.conf,CallbackOptions,33,0,0,0,13,0,7,0,7,0
OpenJPA Kernel,org.apache.openjpa.conf,OpenJPAConfigurationImpl,3957,0,126,0,922,0,347,0,284,0
OpenJPA Kernel,org.apache.openjpa.abstractstore,AbstractStoreBrokerFactory,131,0,4,0,42,0,9,0,7,0
OpenJPA Kernel,org.apache.openjpa.abstractstore,AbstractStoreManager,323,0,48,0,91,0,57,0,33,0
OpenJPA Kernel,org.apache.openjpa.meta,MetaDataTool.Flags,12,0,0,0,4,0,1,0,1,0
OpenJPA Kernel,org.apache.openjpa.meta,Extensions,641,4,114,0,133,2,89,1,32,1
OpenJPA Kernel,org.apache.openjpa.meta,AbstractCFMetaDataFactory,2431,0,386,0,523,0,225,0,32,0
OpenJPA Kernel,org.apache.openjpa.meta,InMemoryRelatedFieldOrder,108,0,22,0,29,0,16,0,5,0
OpenJPA Kernel,org.apache.openjpa.meta,FieldMetaData.MemberProvider,101,0,6,0,33,0,8,0,5,0
OpenJPA Kernel,org.apache.openjpa.meta,AbstractMetaDataDefaults,510,0,102,0,140,0,87,0,36,0
OpenJPA Kernel,org.apache.openjpa.meta,NonPersistentMetaData,123,0,8,0,41,0,22,0,18,0
OpenJPA Kernel,org.apache.openjpa.meta,MetaDataTool.new Configurations.Runnable() {...},20,0,0,0,4,0,2,0,2,0
OpenJPA Kernel,org.apache.openjpa.meta,FetchGroup,625,0,134,0,139,0,89,0,22,0
OpenJPA Kernel,org.apache.openjpa.meta,XMLFieldMetaData,134,0,12,0,39,0,26,0,20,0
OpenJPA Kernel,org.apache.openjpa.meta,InterfaceImplGenerator,543,0,30,0,101,0,25,0,10,0
OpenJPA Kernel,org.apache.openjpa.meta,ValueStrategies,193,0,14,0,48,0,13,0,5,0
OpenJPA Kernel,org.apache.openjpa.meta,MultiQueryMetaData.Parameter,42,0,0,0,16,0,6,0,6,0
OpenJPA Kernel,org.apache.openjpa.meta,AbstractCFMetaDataFactory.new PrivilegedAction() {...},42,0,0,0,7,0,2,0,2,0
OpenJPA Kernel,org.apache.openjpa.meta,AbstractCFMetaDataFactory.new PrivilegedAction() {...},62,0,0,0,10,0,2,0,2,0
OpenJPA Kernel,org.apache.openjpa.meta,JavaTypes,697,174,193,1,185,32,130,2,16,2
OpenJPA Kernel,org.apache.openjpa.meta,UpdateStrategies,99,0,12,0,22,0,11,0,4,0
OpenJPA Kernel,org.apache.openjpa.meta,DelegatingMetaDataFactory,129,0,2,0,37,0,24,0,23,0
OpenJPA Kernel,org.apache.openjpa.meta,AccessCode,357,22,113,1,78,8,79,2,22,2
OpenJPA Kernel,org.apache.openjpa.meta,MetaDataRepository,4534,10,672,0,1061,3,481,1,145,1
OpenJPA Kernel,org.apache.openjpa.meta,Extensions.HashKey,55,0,10,0,15,0,8,0,3,0
OpenJPA Kernel,org.apache.openjpa.meta,MultiQueryMetaData,136,0,4,0,34,0,16,0,14,0
OpenJPA Kernel,org.apache.openjpa.meta,InMemoryValueOrder,195,0,42,0,45,0,27,0,6,0
OpenJPA Kernel,org.apache.openjpa.meta,FieldMetaData,3975,11,721,0,1006,5,550,1,180,1
OpenJPA Kernel,org.apache.openjpa.meta,NoneMetaDataFactory,75,0,0,0,41,0,41,0,41,0
OpenJPA Kernel,org.apache.openjpa.meta,MultiQueryMetaData.Parameter.Mode,27,0,0,0,1,0,1,0,1,0
OpenJPA Kernel,org.apache.openjpa.meta,ValueMetaDataImpl,1038,0,186,0,259,0,143,0,49,0
OpenJPA Kernel,org.apache.openjpa.meta,XMLClassMetaData,132,0,4,0,39,0,21,0,19,0
OpenJPA Kernel,org.apache.openjpa.meta,FieldMetaData.Unknown,6,0,0,0,1,0,1,0,1,0
OpenJPA Kernel,org.apache.openjpa.meta,MetaDataRepository.QueryKey,51,0,12,0,9,0,8,0,2,0
OpenJPA Kernel,org.apache.openjpa.meta,ClassMetaData,5216,18,808,0,1225,8,580,1,169,1
OpenJPA Kernel,org.apache.openjpa.meta,MetaDataTool,548,0,68,0,129,0,51,0,17,0
OpenJPA Kernel,org.apache.openjpa.meta,ClassMetaData.ListingOrderComparator,74,0,18,0,22,0,12,0,3,0
OpenJPA Kernel,org.apache.openjpa.meta,LifecycleMetaData,495,0,74,0,104,0,51,0,14,0
OpenJPA Kernel,org.apache.openjpa.meta,AbstractMetaDataFactory,83,0,4,0,32,0,18,0,16,0
OpenJPA Kernel,org.apache.openjpa.meta,ProxySetupStateManager,351,0,20,0,82,0,60,0,49,0
OpenJPA Kernel,org.apache.openjpa.meta,MetaDataInheritanceComparator,95,0,20,0,23,0,13,0,3,0
OpenJPA Kernel,org.apache.openjpa.meta,SequenceMetaData,441,0,36,0,136,0,60,0,42,0
OpenJPA Kernel,org.apache.openjpa.meta,QueryMetaData,284,0,32,0,82,0,55,0,39,0
OpenJPA Kernel,org.apache.openjpa.meta,InheritanceComparator,115,0,28,0,39,0,20,0,6,0
OpenJPA Kernel,org.apache.openjpa.meta,Extensions.EmbeddedExtensions,10,0,0,0,4,0,2,0,2,0
OpenJPA Kernel,org.apache.openjpa.util,CacheMap.EntryIterator,89,0,12,0,21,0,13,0,6,0
OpenJPA Kernel,org.apache.openjpa.util,Serialization.PersistentObjectInputStream.new PrivilegedAction() {...},13,0,0,0,3,0,2,0,2,0
OpenJPA Kernel,org.apache.openjpa.util,java.util.TreeSet.proxy,130,0,2,0,0,0,22,0,21,0
OpenJPA Kernel,org.apache.openjpa.util,IntId,59,0,6,0,15,0,12,0,9,0
OpenJPA Kernel,org.apache.openjpa.util,java.util.LinkedList.proxy,257,0,2,0,0,0,35,0,34,0
OpenJPA Kernel,org.apache.openjpa.util,StringId,47,0,4,0,11,0,9,0,7,0
OpenJPA Kernel,org.apache.openjpa.util,QueryException,70,0,2,0,22,0,10,0,9,0
OpenJPA Kernel,org.apache.openjpa.util,Proxies,178,0,46,0,45,0,30,0,7,0
OpenJPA Kernel,org.apache.openjpa.util,java.sql.Time.proxy,103,0,0,0,0,0,18,0,18,0
OpenJPA Kernel,org.apache.openjpa.util,Exceptions.new OutputStream() {...},1,3,0,0,1,1,1,1,1,1
OpenJPA Kernel,org.apache.openjpa.util,java.sql.Date.proxy,103,0,0,0,0,0,18,0,18,0
OpenJPA Kernel,org.apache.openjpa.util,StoreFacadeTypeRegistry.Key,39,0,6,0,9,0,6,0,3,0
OpenJPA Kernel,org.apache.openjpa.util,FloatId,61,0,6,0,15,0,12,0,9,0
OpenJPA Kernel,org.apache.openjpa.util,BooleanId,53,0,2,0,15,0,10,0,9,0
OpenJPA Kernel,org.apache.openjpa.util,StoreException,21,5,0,0,9,2,5,1,5,1
OpenJPA Kernel,org.apache.openjpa.util,BigDecimalId,68,0,10,0,20,0,13,0,8,0
OpenJPA Kernel,org.apache.openjpa.util,BlacklistClassResolver,126,0,20,0,24,0,20,0,10,0
OpenJPA Kernel,org.apache.openjpa.util,MultiLoaderClassResolver,45,0,2,0,10,0,5,0,4,0
OpenJPA Kernel,org.apache.openjpa.util,java.util.ArrayList.proxy,182,0,2,0,0,0,27,0,26,0
OpenJPA Kernel,org.apache.openjpa.util,CharId,60,0,6,0,15,0,12,0,9,0
OpenJPA Kernel,org.apache.openjpa.util,NoResultException,14,0,0,0,6,0,3,0,3,0
OpenJPA Kernel,org.apache.openjpa.util,AbstractLRSProxyMap,677,0,110,0,162,0,93,0,38,0
OpenJPA Kernel,org.apache.openjpa.util,ReferentialIntegrityException,57,0,3,0,20,0,11,0,9,0
OpenJPA Kernel,org.apache.openjpa.util,AbstractLRSProxyMap.new AbstractSet() {...},24,0,2,0,4,0,5,0,4,0
OpenJPA Kernel,org.apache.openjpa.util,AbstractLRSProxyMap.new AbstractCollection() {...},15,0,0,0,3,0,3,0,3,0
OpenJPA Kernel,org.apache.openjpa.util,AbstractLRSProxyMap.new AbstractSet() {...},15,0,0,0,3,0,3,0,3,0
OpenJPA Kernel,org.apache.openjpa.util,CacheMap.EntrySet,30,0,0,0,6,0,4,0,4,0
OpenJPA Kernel,org.apache.openjpa.util,AbstractChangeTracker,246,0,44,0,77,0,41,0,19,0
OpenJPA Kernel,org.apache.openjpa.util,UserException,19,8,0,0,9,4,5,2,5,2
OpenJPA Kernel,org.apache.openjpa.util,java.util.LinkedHashSet.proxy,130,0,2,0,0,0,22,0,21,0
OpenJPA Kernel,org.apache.openjpa.util,Serialization.PersistentObjectOutputStream.new PrivilegedAction() {...},13,0,0,0,3,0,2,0,2,0
OpenJPA Kernel,org.apache.openjpa.util,DelayedCollectionChangeTrackerImpl,78,0,18,0,18,0,13,0,4,0
OpenJPA Kernel,org.apache.openjpa.util,GeneralException,23,4,0,0,11,2,6,1,6,1
OpenJPA Kernel,org.apache.openjpa.util,UuidId,57,0,8,0,15,0,11,0,7,0
OpenJPA Kernel,org.apache.openjpa.util,ClassResolverImpl,56,0,16,0,19,0,10,0,2,0
OpenJPA Kernel,org.apache.openjpa.util,GeneratedClasses,70,0,10,0,23,0,9,0,4,0
OpenJPA Kernel,org.apache.openjpa.util,ObjectId,52,0,6,0,13,0,10,0,7,0
OpenJPA Kernel,org.apache.openjpa.util,InvalidStateException,10,4,0,0,4,2,2,1,2,1
OpenJPA Kernel,org.apache.openjpa.util,java.util.LinkedHashMap.proxy,169,0,2,0,0,0,25,0,24,0
OpenJPA Kernel,org.apache.openjpa.util,Exceptions,373,45,76,6,96,13,51,3,10,3
OpenJPA Kernel,org.apache.openjpa.util,java.util.Date.proxy,123,0,0,0,0,0,21,0,21,0
OpenJPA Kernel,org.apache.openjpa.util,OpenJPAId,179,0,26,0,45,0,25,0,12,0
OpenJPA Kernel,org.apache.openjpa.util,WrappedException,26,0,0,0,11,0,6,0,6,0
OpenJPA Kernel,org.apache.openjpa.util,java.util.TreeMap.proxy,163,0,2,0,0,0,24,0,23,0
OpenJPA Kernel,org.apache.openjpa.util,java.util.HashSet.proxy,130,0,2,0,0,0,22,0,21,0
OpenJPA Kernel,org.apache.openjpa.util,NonUniqueResultException,14,0,0,0,6,0,3,0,3,0
OpenJPA Kernel,org.apache.openjpa.util,java.util.GregorianCalendar.proxy,190,0,0,0,0,0,27,0,27,0
OpenJPA Kernel,org.apache.openjpa.util,java.util.IdentityHashMap.proxy,158,0,2,0,0,0,23,0,22,0
OpenJPA Kernel,org.apache.openjpa.util,BigIntegerId,68,0,10,0,20,0,13,0,8,0
OpenJPA Kernel,org.apache.openjpa.util,CacheMap.new LRUMap() {...},14,0,0,0,3,0,2,0,2,0
OpenJPA Kernel,org.apache.openjpa.util,CacheMap.new ConcurrentReferenceHashMap() {...},21,0,0,0,5,0,3,0,3,0
OpenJPA Kernel,org.apache.openjpa.util,CacheMap.new ConcurrentHashMap() {...},14,0,0,0,3,0,2,0,2,0
OpenJPA Kernel,org.apache.openjpa.util,AbstractLRSProxyCollection.Itr,113,0,16,0,36,0,15,0,7,0
OpenJPA Kernel,org.apache.openjpa.util,DateId,70,0,4,0,17,0,12,0,10,0
OpenJPA Kernel,org.apache.openjpa.util,ApplicationIds,1271,16,230,2,282,8,147,2,13,2
OpenJPA Kernel,org.apache.openjpa.util,Serialization.ClassResolvingObjectInputStream,38,0,0,0,11,0,3,0,3,0
OpenJPA Kernel,org.apache.openjpa.util,MapChangeTrackerImpl,211,0,44,0,52,0,31,0,9,0
OpenJPA Kernel,org.apache.openjpa.util,java.sql.Timestamp.proxy,119,0,0,0,0,0,19,0,19,0
OpenJPA Kernel,org.apache.openjpa.util,CollectionChangeTrackerImpl,164,0,36,0,41,0,27,0,9,0
OpenJPA Kernel,org.apache.openjpa.util,Serialization.PersistentObjectOutputStream,27,0,2,0,6,0,3,0,2,0
OpenJPA Kernel,org.apache.openjpa.util,java.util.Hashtable.proxy,163,0,2,0,0,0,24,0,23,0
OpenJPA Kernel,org.apache.openjpa.util,Serialization.ObjectIdMarker,6,0,0,0,3,0,1,0,1,0
OpenJPA Kernel,org.apache.openjpa.util,ClassLoaderProxyService,54,0,2,0,14,0,6,0,5,0
OpenJPA Kernel,org.apache.openjpa.util,Serialization.PersistentObjectInputStream,73,0,10,0,21,0,8,0,3,0
OpenJPA Kernel,org.apache.openjpa.util,NoTransactionException,2,4,0,0,1,2,1,1,1,1
OpenJPA Kernel,org.apache.openjpa.util,Id,194,0,22,0,48,0,24,0,13,0
OpenJPA Kernel,org.apache.openjpa.util,DoubleId,68,0,6,0,16,0,12,0,9,0
OpenJPA Kernel,org.apache.openjpa.util,java.util.HashMap.proxy,163,0,2,0,0,0,24,0,23,0
OpenJPA Kernel,org.apache.openjpa.util,StoreFacadeTypeRegistry,75,0,14,0,18,0,11,0,4,0
OpenJPA Kernel,org.apache.openjpa.util,Serialization,61,0,2,0,17,0,6,0,5,0
OpenJPA Kernel,org.apache.openjpa.util,AbstractLRSProxyMap.Itr,153,0,21,0,45,0,18,0,7,0
OpenJPA Kernel,org.apache.openjpa.util,ObjectExistsException,10,0,0,0,5,0,3,0,3,0
OpenJPA Kernel,org.apache.openjpa.util,CallbackException,10,0,0,0,5,0,3,0,3,0
OpenJPA Kernel,org.apache.openjpa.util,ByteId,59,0,6,0,15,0,12,0,9,0
OpenJPA Kernel,org.apache.openjpa.util,CacheMap.KeySet,17,0,0,0,3,0,3,0,3,0
OpenJPA Kernel,org.apache.openjpa.util,AbstractLRSProxyCollection,484,0,52,0,136,0,62,0,36,0
OpenJPA Kernel,org.apache.openjpa.util,LongId,66,0,6,0,15,0,12,0,9,0
OpenJPA Kernel,org.apache.openjpa.util,LockException,106,0,2,0,30,0,13,0,12,0
OpenJPA Kernel,org.apache.openjpa.util,ObjectNotFoundException,26,8,0,0,7,4,3,2,3,2
OpenJPA Kernel,org.apache.openjpa.util,ClassLoaderProxyService.ProxiesClassLoader,150,0,20,0,48,0,14,0,4,0
OpenJPA Kernel,org.apache.openjpa.util,ArrayStateImage,134,0,20,0,27,0,17,0,7,0
OpenJPA Kernel,org.apache.openjpa.util,java.util.PriorityQueue.proxy,173,0,2,0,0,0,28,0,27,0
OpenJPA Kernel,org.apache.openjpa.util,UnsupportedException,34,0,0,0,13,0,5,0,5,0
OpenJPA Kernel,org.apache.openjpa.util,InternalException,51,0,0,0,19,0,7,0,7,0
OpenJPA Kernel,org.apache.openjpa.util,MetaDataException,26,8,0,0,10,3,4,1,4,1
OpenJPA Kernel,org.apache.openjpa.util,ProxyManagerImpl,4896,0,414,0,1084,0,280,0,73,0
OpenJPA Kernel,org.apache.openjpa.util,java.util.Properties.proxy,189,0,2,0,0,0,26,0,25,0
OpenJPA Kernel,org.apache.openjpa.util,java.util.Vector.proxy,246,0,2,0,0,0,35,0,34,0
OpenJPA Kernel,org.apache.openjpa.util,ImplHelper,337,44,78,8,92,10,54,7,10,5
OpenJPA Kernel,org.apache.openjpa.util,OpenJPAException,108,86,7,3,29,23,17,9,12,9
OpenJPA Kernel,org.apache.openjpa.util,ApplicationIds.PrimaryKeyFieldManager,183,0,8,0,49,0,30,0,26,0
OpenJPA Kernel,org.apache.openjpa.util,ShortId,59,0,6,0,15,0,12,0,9,0
OpenJPA Kernel,org.apache.openjpa.util,CacheMap,692,0,74,0,169,0,76,0,39,0
OpenJPA Kernel,org.apache.openjpa.util,OptimisticException,26,18,0,0,7,7,3,3,3,3
OpenJPA Kernel,org.apache.openjpa.util,ImplHelper.new ConcurrentReferenceHashMap() {...},25,5,6,0,6,1,5,1,2,1
OpenJPA Kernel,org.apache.openjpa.util,CacheMap.ValueCollection,17,0,0,0,3,0,3,0,3,0
OpenJPA Kernel,org.apache.openjpa.util,java.util.EnumMap.proxy,142,0,2,0,0,0,22,0,21,0
